{"cameraMode":{"drawMode":0,"name":"Shaded","section":"Shading Mode"},"sceneLighting":true,"audioPlay":false,"sceneViewState":{"showFog":true,"showMaterialUpdate":false,"showSkybox":true,"showFlares":true,"showImageEffects":true,"showParticleSystems":true},"in2DMode":false,"pivot":{"x":302.3999938964844,"y":560.0999755859375,"z":0.0},"rotation":{"x":0.1256624311208725,"y":0.008330891840159893,"z":-0.0010554210748523474,"w":0.9920375347137451},"size":233.34523010253907,"orthographic":false}